1.000000000000 ,0.000000000000 ,22.550906782000 ,113.935527960000 ,0.000000000000 ,5.000000000000 ,2.000000000000 ,63.000000000000 
2.000000000000 ,0.000000000000 ,22.514524940000 ,113.947591640000 ,0.000000000000 ,7.000000000000 ,2.000000000000 ,65.000000000000 
3.000000000000 ,0.000000000000 ,22.634411745000 ,114.036300960000 ,0.000000000000 ,4.000000000000 ,9.000000000000 ,35.000000000000 
4.000000000000 ,0.000000000000 ,22.523569994000 ,113.909603730000 ,0.000000000000 ,4.000000000000 ,2.000000000000 ,1.000000000000 
5.000000000000 ,0.000000000000 ,22.530185989000 ,113.942534270000 ,0.000000000000 ,4.000000000000 ,2.000000000000 ,85.000000000000 
6.000000000000 ,0.000000000000 ,22.578886982000 ,114.132627790000 ,0.000000000000 ,4.000000000000 ,8.000000000000 ,61.000000000000 
7.000000000000 ,0.000000000000 ,22.551829223000 ,114.051816650000 ,0.000000000000 ,4.000000000000 ,7.000000000000 ,20.000000000000 
8.000000000000 ,143.000000000000 ,22.544239726367 ,113.979571228981 ,5060.403852881690 ,7.000000000000 ,2.000000000000 ,99.000000000000 
9.000000000000 ,257.000000000000 ,22.587079621198 ,113.960163705851 ,8153.594784735350 ,7.000000000000 ,2.000000000000 ,28.000000000000 
10.000000000000 ,245.000000000000 ,22.547831853214 ,113.961974060945 ,2505.139915768230 ,7.000000000000 ,2.000000000000 ,51.000000000000 
11.000000000000 ,93.000000000000 ,22.633656000000 ,114.044287000000 ,5441.895597736080 ,1.000000000000 ,9.000000000000 ,115.000000000000 
12.000000000000 ,5.000000000000 ,22.487285403410 ,113.922666508808 ,9327.844276951190 ,1.000000000000 ,2.000000000000 ,66.000000000000 
13.000000000000 ,82.000000000000 ,22.786483733551 ,113.910438633177 ,2815.044317029590 ,5.000000000000 ,1.000000000000 ,17.000000000000 
14.000000000000 ,41.000000000000 ,22.523967017409 ,113.944481099941 ,1113.186002349100 ,5.000000000000 ,2.000000000000 ,112.000000000000 
15.000000000000 ,11.000000000000 ,22.567745922347 ,114.115295024472 ,2315.078868665140 ,5.000000000000 ,8.000000000000 ,42.000000000000 
16.000000000000 ,17.000000000000 ,22.549963864869 ,114.090359864626 ,1109.160525207500 ,5.000000000000 ,7.000000000000 ,19.000000000000 
17.000000000000 ,140.000000000000 ,22.545483433630 ,114.110647844833 ,1633.791743189570 ,7.000000000000 ,7.000000000000 ,76.000000000000 
18.000000000000 ,226.000000000000 ,22.547710648409 ,114.133693989464 ,460.877892764388 ,7.000000000000 ,8.000000000000 ,91.000000000000 
19.000000000000 ,587.000000000000 ,22.559842251444 ,113.958164616770 ,771.489152762722 ,7.000000000000 ,2.000000000000 ,51.000000000000 
20.000000000000 ,1002.000000000000 ,22.697102354978 ,113.998158742011 ,5048.813023388800 ,6.000000000000 ,9.000000000000 ,45.000000000000 
21.000000000000 ,39.000000000000 ,22.541739590699 ,113.955146220427 ,347.241226274830 ,2.000000000000 ,2.000000000000 ,9.000000000000 
22.000000000000 ,541.000000000000 ,22.555660485955 ,113.892677516300 ,5942.133374009930 ,7.000000000000 ,5.000000000000 ,29.000000000000 
23.000000000000 ,10.000000000000 ,22.546878173447 ,114.115775941310 ,465.001576721067 ,1.000000000000 ,8.000000000000 ,101.000000000000 
24.000000000000 ,189.000000000000 ,22.545129820776 ,114.084134530189 ,2329.153555113910 ,7.000000000000 ,7.000000000000 ,102.000000000000 
25.000000000000 ,116.000000000000 ,22.567744840542 ,114.115186237878 ,1116.533287549640 ,7.000000000000 ,8.000000000000 ,42.000000000000 
26.000000000000 ,259.000000000000 ,22.539998380259 ,114.063506631177 ,220.544876573872 ,7.000000000000 ,7.000000000000 ,0.000000000000 
27.000000000000 ,222.000000000000 ,22.635128106138 ,114.425035639314 ,969.921050168787 ,6.000000000000 ,4.000000000000 ,24.000000000000 
28.000000000000 ,204.000000000000 ,22.682864299768 ,114.130399889685 ,3251.409724365260 ,6.000000000000 ,10.000000000000 ,13.000000000000 
29.000000000000 ,887.000000000000 ,22.557872541313 ,114.020524585506 ,1428.324319964270 ,7.000000000000 ,7.000000000000 ,59.000000000000 
30.000000000000 ,155.000000000000 ,22.522382056856 ,113.933569547305 ,643.766308011702 ,7.000000000000 ,2.000000000000 ,43.000000000000 
31.000000000000 ,114.000000000000 ,22.524965276240 ,113.938434947810 ,2538.248465679730 ,7.000000000000 ,2.000000000000 ,25.000000000000 
32.000000000000 ,122.000000000000 ,22.532908806350 ,113.930425556174 ,1580.266385901150 ,7.000000000000 ,2.000000000000 ,43.000000000000 
33.000000000000 ,371.000000000000 ,22.542836033938 ,113.960167838057 ,341.332004775726 ,7.000000000000 ,2.000000000000 ,9.000000000000 
34.000000000000 ,303.000000000000 ,22.546183873338 ,113.946558908433 ,600.148705698799 ,7.000000000000 ,2.000000000000 ,78.000000000000 
35.000000000000 ,16.000000000000 ,22.727410683777 ,113.808061449155 ,3570.920247063060 ,1.000000000000 ,5.000000000000 ,60.000000000000 
36.000000000000 ,17.000000000000 ,22.743001093167 ,113.995040147773 ,18819.875365803000 ,1.000000000000 ,1.000000000000 ,17.000000000000 
37.000000000000 ,32.000000000000 ,22.522803077664 ,114.218795530935 ,14748.286625988400 ,3.000000000000 ,9.000000000000 ,35.000000000000 
38.000000000000 ,121.000000000000 ,22.548035820434 ,114.095314398597 ,543.297550275473 ,7.000000000000 ,7.000000000000 ,118.000000000000 
39.000000000000 ,237.000000000000 ,22.530310487662 ,113.946639716403 ,1101.756794547900 ,7.000000000000 ,2.000000000000 ,85.000000000000 
40.000000000000 ,223.000000000000 ,22.550536195199 ,114.094088323864 ,482.108266753961 ,7.000000000000 ,7.000000000000 ,118.000000000000 
41.000000000000 ,164.000000000000 ,22.550796310654 ,114.061651641978 ,315.007194067624 ,7.000000000000 ,7.000000000000 ,52.000000000000 
42.000000000000 ,94.000000000000 ,22.542810366552 ,114.059031177908 ,191.881732964588 ,7.000000000000 ,7.000000000000 ,110.000000000000 
43.000000000000 ,107.000000000000 ,22.550729284909 ,114.077443056041 ,1433.008038892350 ,7.000000000000 ,7.000000000000 ,108.000000000000 
44.000000000000 ,253.000000000000 ,22.510998052524 ,113.931323878751 ,1799.304483417820 ,7.000000000000 ,2.000000000000 ,79.000000000000 
45.000000000000 ,467.000000000000 ,22.652399086850 ,114.203136105414 ,1797.717201710670 ,7.000000000000 ,10.000000000000 ,15.000000000000 
46.000000000000 ,638.000000000000 ,22.730003237913 ,114.257449560039 ,7313.052626944790 ,7.000000000000 ,10.000000000000 ,2.000000000000 
47.000000000000 ,376.000000000000 ,22.749888083125 ,114.288990144450 ,6981.877950767060 ,7.000000000000 ,10.000000000000 ,77.000000000000 
48.000000000000 ,603.000000000000 ,22.604834163380 ,114.128360254686 ,6139.887319322230 ,7.000000000000 ,10.000000000000 ,104.000000000000 
49.000000000000 ,761.000000000000 ,22.564643728948 ,113.912313872877 ,3975.805854605960 ,7.000000000000 ,5.000000000000 ,36.000000000000 
50.000000000000 ,1544.000000000000 ,22.734195860512 ,113.836500291540 ,3045.335169025140 ,7.000000000000 ,5.000000000000 ,21.000000000000 
51.000000000000 ,426.000000000000 ,22.576256424695 ,113.892341190718 ,5694.769104928380 ,7.000000000000 ,5.000000000000 ,88.000000000000 
52.000000000000 ,613.000000000000 ,22.569492770115 ,113.907663284169 ,5457.841058993380 ,7.000000000000 ,5.000000000000 ,84.000000000000 
53.000000000000 ,808.000000000000 ,22.769399272664 ,113.860521143462 ,3536.334214855090 ,7.000000000000 ,5.000000000000 ,103.000000000000 
54.000000000000 ,1685.000000000000 ,22.648377882225 ,114.033698096568 ,8990.620770767660 ,7.000000000000 ,9.000000000000 ,74.000000000000 
55.000000000000 ,903.000000000000 ,22.627797106374 ,114.038886548395 ,7668.334183297530 ,7.000000000000 ,9.000000000000 ,119.000000000000 
56.000000000000 ,517.000000000000 ,22.557160029057 ,114.238259398097 ,4184.067545181550 ,7.000000000000 ,6.000000000000 ,67.000000000000 
57.000000000000 ,776.000000000000 ,22.541284274430 ,113.960701036275 ,834.188685065891 ,7.000000000000 ,2.000000000000 ,9.000000000000 
58.000000000000 ,346.000000000000 ,22.539040353329 ,113.985823737159 ,3056.642548697580 ,7.000000000000 ,2.000000000000 ,99.000000000000 
59.000000000000 ,325.000000000000 ,22.523721494448 ,113.943799184551 ,1598.000920714300 ,7.000000000000 ,2.000000000000 ,112.000000000000 
60.000000000000 ,104.000000000000 ,22.506671538485 ,113.886702165914 ,1167.604416511590 ,7.000000000000 ,2.000000000000 ,55.000000000000 
61.000000000000 ,482.000000000000 ,22.488210640411 ,113.919526266306 ,124.800759137076 ,7.000000000000 ,2.000000000000 ,66.000000000000 
62.000000000000 ,806.000000000000 ,22.496436890523 ,113.927465764384 ,871.682363678567 ,7.000000000000 ,2.000000000000 ,71.000000000000 
63.000000000000 ,312.000000000000 ,22.539096885787 ,113.928479289253 ,2386.092721325880 ,7.000000000000 ,2.000000000000 ,81.000000000000 
64.000000000000 ,557.000000000000 ,22.545135206496 ,113.962279844140 ,606.699359812645 ,7.000000000000 ,2.000000000000 ,9.000000000000 
65.000000000000 ,586.000000000000 ,22.550411291280 ,113.952400424772 ,1059.733596228040 ,7.000000000000 ,2.000000000000 ,78.000000000000 
66.000000000000 ,587.000000000000 ,22.547707894517 ,113.939527254072 ,1337.118000183680 ,7.000000000000 ,2.000000000000 ,63.000000000000 
67.000000000000 ,372.000000000000 ,22.557069359244 ,114.138035347280 ,1603.519131923400 ,7.000000000000 ,8.000000000000 ,46.000000000000 
68.000000000000 ,460.000000000000 ,22.547369919696 ,114.124467107302 ,454.051522129594 ,7.000000000000 ,8.000000000000 ,4.000000000000 
69.000000000000 ,275.000000000000 ,22.547473977332 ,114.116623732406 ,246.366221803056 ,7.000000000000 ,8.000000000000 ,101.000000000000 
70.000000000000 ,376.000000000000 ,22.567106905620 ,114.137148486182 ,582.078758194130 ,7.000000000000 ,8.000000000000 ,96.000000000000 
71.000000000000 ,262.000000000000 ,22.558829842908 ,114.115874952543 ,627.388151787515 ,7.000000000000 ,8.000000000000 ,72.000000000000 
72.000000000000 ,99.000000000000 ,22.551953321428 ,114.141920048796 ,1379.633671355070 ,7.000000000000 ,8.000000000000 ,46.000000000000 
73.000000000000 ,479.000000000000 ,22.528302394526 ,114.058743836026 ,1868.808467345730 ,7.000000000000 ,7.000000000000 ,40.000000000000 
74.000000000000 ,346.000000000000 ,22.548225659962 ,114.070127888377 ,2105.932886416770 ,7.000000000000 ,7.000000000000 ,54.000000000000 
75.000000000000 ,328.000000000000 ,22.559822784091 ,114.051080673791 ,1234.445148276110 ,7.000000000000 ,7.000000000000 ,107.000000000000 
76.000000000000 ,253.000000000000 ,22.544925585516 ,114.089902467223 ,334.788057682291 ,7.000000000000 ,7.000000000000 ,19.000000000000 
77.000000000000 ,345.000000000000 ,22.541145509889 ,114.031965355071 ,377.863268566136 ,7.000000000000 ,7.000000000000 ,47.000000000000 
78.000000000000 ,357.000000000000 ,22.571221883252 ,114.060650765250 ,1512.389482516460 ,7.000000000000 ,7.000000000000 ,69.000000000000 
79.000000000000 ,237.000000000000 ,22.508083537945 ,113.942706665390 ,9527.091091550440 ,7.000000000000 ,7.000000000000 ,52.000000000000 
80.000000000000 ,476.000000000000 ,22.537268120756 ,114.075151287347 ,1752.307499297390 ,7.000000000000 ,7.000000000000 ,58.000000000000 
81.000000000000 ,152.000000000000 ,22.534109191404 ,114.032356050594 ,1481.009650268400 ,7.000000000000 ,7.000000000000 ,80.000000000000 
82.000000000000 ,294.000000000000 ,22.537150651339 ,114.029937778925 ,583.078225009562 ,7.000000000000 ,7.000000000000 ,47.000000000000 
83.000000000000 ,433.000000000000 ,22.564573761051 ,114.108657977756 ,726.319470871932 ,7.000000000000 ,7.000000000000 ,42.000000000000 
84.000000000000 ,300.000000000000 ,22.547010348636 ,114.048963630908 ,391.611661762184 ,7.000000000000 ,7.000000000000 ,20.000000000000 
85.000000000000 ,325.000000000000 ,22.550579230929 ,114.092224227643 ,431.407779633577 ,7.000000000000 ,7.000000000000 ,19.000000000000 
86.000000000000 ,277.000000000000 ,22.539045051732 ,114.037953998581 ,377.982058920847 ,7.000000000000 ,7.000000000000 ,80.000000000000 
87.000000000000 ,212.000000000000 ,22.552790550796 ,114.070184178895 ,0.000000000000 ,7.000000000000 ,7.000000000000 ,54.000000000000 
88.000000000000 ,168.000000000000 ,22.547702197478 ,114.088545428530 ,1760.541468952960 ,7.000000000000 ,7.000000000000 ,19.000000000000 
89.000000000000 ,139.000000000000 ,22.550630757032 ,114.017759584978 ,985.158275759262 ,7.000000000000 ,7.000000000000 ,22.000000000000 
90.000000000000 ,271.000000000000 ,22.547363597045 ,114.058635842636 ,2741.840099127630 ,7.000000000000 ,7.000000000000 ,52.000000000000 
91.000000000000 ,17.000000000000 ,22.691018904936 ,114.353571672119 ,1710.979300281050 ,3.000000000000 ,3.000000000000 ,10.000000000000 
92.000000000000 ,14.000000000000 ,22.648423847171 ,114.202277922720 ,13875.882440048800 ,3.000000000000 ,10.000000000000 ,15.000000000000 
93.000000000000 ,6.000000000000 ,22.615968482461 ,114.129993475611 ,6271.173048393810 ,3.000000000000 ,10.000000000000 ,117.000000000000 
94.000000000000 ,14.000000000000 ,22.731468440441 ,114.242576994834 ,12457.118665885900 ,3.000000000000 ,10.000000000000 ,38.000000000000 
95.000000000000 ,8.000000000000 ,22.559506660256 ,113.896058558578 ,4768.552550631480 ,3.000000000000 ,5.000000000000 ,64.000000000000 
96.000000000000 ,32.000000000000 ,22.735795671836 ,113.836508887425 ,2885.855419301180 ,3.000000000000 ,5.000000000000 ,21.000000000000 
97.000000000000 ,28.000000000000 ,22.591710519535 ,113.893792609130 ,2835.031935682560 ,3.000000000000 ,5.000000000000 ,95.000000000000 
98.000000000000 ,107.000000000000 ,22.770605364593 ,113.857547345292 ,5238.373469448390 ,3.000000000000 ,5.000000000000 ,103.000000000000 
99.000000000000 ,48.000000000000 ,22.565486601223 ,113.990837874599 ,4205.660903972850 ,3.000000000000 ,5.000000000000 ,39.000000000000 
100.000000000000 ,28.000000000000 ,22.567692998852 ,113.917475190488 ,3551.530740229770 ,3.000000000000 ,5.000000000000 ,36.000000000000 
101.000000000000 ,156.000000000000 ,22.659295392350 ,114.030544864568 ,9228.598256780040 ,3.000000000000 ,9.000000000000 ,74.000000000000 
102.000000000000 ,6.000000000000 ,22.555270824439 ,114.236011469406 ,11499.625432620400 ,3.000000000000 ,6.000000000000 ,67.000000000000 
103.000000000000 ,21.000000000000 ,22.540433005893 ,113.993343498394 ,4580.264909928340 ,3.000000000000 ,2.000000000000 ,30.000000000000 
104.000000000000 ,26.000000000000 ,22.526358671125 ,113.929013824150 ,1629.478013730830 ,3.000000000000 ,2.000000000000 ,111.000000000000 
105.000000000000 ,18.000000000000 ,22.502188133819 ,113.926005836473 ,3534.730838517130 ,3.000000000000 ,2.000000000000 ,71.000000000000 
106.000000000000 ,3.000000000000 ,22.488863957279 ,113.920814241475 ,418.108262411378 ,3.000000000000 ,2.000000000000 ,66.000000000000 
107.000000000000 ,16.000000000000 ,22.525526220330 ,113.941608392582 ,3825.690590240290 ,3.000000000000 ,2.000000000000 ,112.000000000000 
108.000000000000 ,13.000000000000 ,22.565892685689 ,114.135955128635 ,344.864112725607 ,3.000000000000 ,8.000000000000 ,96.000000000000 
109.000000000000 ,4.000000000000 ,22.540019742775 ,114.122074880205 ,2333.229992662950 ,3.000000000000 ,8.000000000000 ,109.000000000000 
110.000000000000 ,7.000000000000 ,22.554384745348 ,114.125567890874 ,366.371008509535 ,3.000000000000 ,8.000000000000 ,89.000000000000 
111.000000000000 ,11.000000000000 ,22.547730608739 ,114.118431991753 ,167.300027377630 ,3.000000000000 ,8.000000000000 ,101.000000000000 
112.000000000000 ,9.000000000000 ,22.529206787825 ,114.068918537398 ,2150.297246953240 ,3.000000000000 ,7.000000000000 ,75.000000000000 
113.000000000000 ,5.000000000000 ,22.555197688961 ,114.091985417615 ,976.176508281568 ,3.000000000000 ,7.000000000000 ,19.000000000000 
114.000000000000 ,51.000000000000 ,22.547327399905 ,114.090584419444 ,585.768802838953 ,3.000000000000 ,7.000000000000 ,19.000000000000 
115.000000000000 ,8.000000000000 ,22.543612220133 ,114.060336121169 ,194.312147309211 ,3.000000000000 ,7.000000000000 ,110.000000000000 
116.000000000000 ,14.000000000000 ,22.558513126019 ,114.053505248870 ,627.346518764271 ,3.000000000000 ,7.000000000000 ,107.000000000000 
117.000000000000 ,15.000000000000 ,22.717894393897 ,114.244281855624 ,5278.955639657530 ,4.000000000000 ,10.000000000000 ,113.000000000000 
118.000000000000 ,20.000000000000 ,22.602282810851 ,114.054964117679 ,6924.726142810550 ,4.000000000000 ,10.000000000000 ,50.000000000000 
119.000000000000 ,53.000000000000 ,22.580291835208 ,113.869061708536 ,10249.364666059300 ,4.000000000000 ,5.000000000000 ,32.000000000000 
120.000000000000 ,2.000000000000 ,22.565537113794 ,113.893696351952 ,3736.661610284900 ,4.000000000000 ,5.000000000000 ,64.000000000000 
121.000000000000 ,11.000000000000 ,22.738146222650 ,113.836616533171 ,8441.068208572220 ,4.000000000000 ,5.000000000000 ,21.000000000000 
122.000000000000 ,8.000000000000 ,22.574322308872 ,113.910599639168 ,2716.170917540840 ,4.000000000000 ,5.000000000000 ,84.000000000000 
123.000000000000 ,98.000000000000 ,22.666515133228 ,114.030413622133 ,4673.899130642780 ,4.000000000000 ,9.000000000000 ,74.000000000000 
124.000000000000 ,1.000000000000 ,22.557670017464 ,114.241575919581 ,17658.171416505700 ,4.000000000000 ,6.000000000000 ,7.000000000000 
125.000000000000 ,1.000000000000 ,22.492639719511 ,113.933050689636 ,129.014071227479 ,4.000000000000 ,2.000000000000 ,18.000000000000 
126.000000000000 ,7.000000000000 ,22.544891426028 ,113.957699001668 ,372.713020711782 ,4.000000000000 ,2.000000000000 ,9.000000000000 
127.000000000000 ,3.000000000000 ,22.543338237132 ,113.981888823959 ,4537.195556101130 ,4.000000000000 ,2.000000000000 ,99.000000000000 
128.000000000000 ,8.000000000000 ,22.525946153591 ,113.929625714829 ,2931.109588533040 ,4.000000000000 ,2.000000000000 ,111.000000000000 
129.000000000000 ,9.000000000000 ,22.559925710809 ,113.957194575277 ,414.797085239527 ,4.000000000000 ,2.000000000000 ,51.000000000000 
130.000000000000 ,4.000000000000 ,22.498709563568 ,113.946693461123 ,2936.129650437570 ,4.000000000000 ,2.000000000000 ,116.000000000000 
131.000000000000 ,3.000000000000 ,22.537146561408 ,113.925853183824 ,2191.357798839890 ,4.000000000000 ,2.000000000000 ,81.000000000000 
132.000000000000 ,8.000000000000 ,22.545519900211 ,114.120569090204 ,873.504218317754 ,4.000000000000 ,8.000000000000 ,101.000000000000 
133.000000000000 ,4.000000000000 ,22.543471373075 ,114.130899978159 ,607.563468844600 ,4.000000000000 ,8.000000000000 ,109.000000000000 
134.000000000000 ,1.000000000000 ,22.552410740828 ,114.136445382460 ,23824.303338188500 ,4.000000000000 ,8.000000000000 ,91.000000000000 
135.000000000000 ,7.000000000000 ,22.545129820776 ,114.084134530189 ,92.677402332392 ,4.000000000000 ,7.000000000000 ,102.000000000000 
136.000000000000 ,17.000000000000 ,22.535952387460 ,114.038540592079 ,1710.814977454500 ,4.000000000000 ,7.000000000000 ,80.000000000000 
137.000000000000 ,3.000000000000 ,22.543602679441 ,114.098001499868 ,2434.620352491050 ,4.000000000000 ,7.000000000000 ,118.000000000000 
138.000000000000 ,14.000000000000 ,22.553180466557 ,114.073900749959 ,41.214256943246 ,4.000000000000 ,7.000000000000 ,54.000000000000 
139.000000000000 ,9.000000000000 ,22.550530249029 ,114.088103700270 ,458.495678688202 ,4.000000000000 ,7.000000000000 ,19.000000000000 
140.000000000000 ,7.000000000000 ,22.546876773878 ,114.096819281308 ,129.985579754454 ,4.000000000000 ,7.000000000000 ,118.000000000000 
141.000000000000 ,9.000000000000 ,22.547586985002 ,114.102486842583 ,117.109845431886 ,4.000000000000 ,7.000000000000 ,53.000000000000 
142.000000000000 ,22.000000000000 ,22.544414861676 ,114.058694378918 ,0.000000000000 ,4.000000000000 ,7.000000000000 ,110.000000000000 
143.000000000000 ,8.000000000000 ,22.563237500024 ,114.107367502603 ,5179.685780902560 ,4.000000000000 ,7.000000000000 ,42.000000000000 
144.000000000000 ,28.000000000000 ,22.600035875263 ,114.130375262639 ,6533.125834961470 ,1.000000000000 ,10.000000000000 ,16.000000000000 
145.000000000000 ,11.000000000000 ,22.727919281649 ,114.235425983519 ,10085.149786415500 ,1.000000000000 ,10.000000000000 ,38.000000000000 
146.000000000000 ,6.000000000000 ,22.652774562939 ,114.200392443235 ,10092.757689874400 ,1.000000000000 ,10.000000000000 ,114.000000000000 
147.000000000000 ,32.000000000000 ,22.581806408018 ,113.872169021853 ,2727.341590566230 ,1.000000000000 ,5.000000000000 ,32.000000000000 
148.000000000000 ,13.000000000000 ,22.563615384326 ,113.891225674936 ,1480.552831166830 ,1.000000000000 ,5.000000000000 ,64.000000000000 
149.000000000000 ,19.000000000000 ,22.566961697429 ,113.913600731452 ,1627.195232114690 ,1.000000000000 ,5.000000000000 ,36.000000000000 
150.000000000000 ,84.000000000000 ,22.667370327780 ,114.036845045820 ,4115.116962196130 ,1.000000000000 ,9.000000000000 ,98.000000000000 
151.000000000000 ,8.000000000000 ,22.556017325464 ,114.243732926279 ,1372.409119861530 ,1.000000000000 ,6.000000000000 ,7.000000000000 
152.000000000000 ,9.000000000000 ,22.544773710242 ,113.958790735710 ,3843.764650769290 ,1.000000000000 ,2.000000000000 ,9.000000000000 
153.000000000000 ,18.000000000000 ,22.517109468882 ,113.947569365588 ,1154.013582411850 ,1.000000000000 ,2.000000000000 ,25.000000000000 
154.000000000000 ,12.000000000000 ,22.527982699253 ,113.943594703268 ,2402.890544600540 ,1.000000000000 ,2.000000000000 ,85.000000000000 
155.000000000000 ,17.000000000000 ,22.523569993606 ,113.909603728273 ,4513.350443597040 ,1.000000000000 ,2.000000000000 ,1.000000000000 
156.000000000000 ,3.000000000000 ,22.535694191679 ,113.970132508414 ,14363.850169904400 ,1.000000000000 ,2.000000000000 ,70.000000000000 
157.000000000000 ,10.000000000000 ,22.556524455791 ,113.988318501339 ,4038.334357930620 ,1.000000000000 ,2.000000000000 ,59.000000000000 
158.000000000000 ,74.000000000000 ,22.537511678506 ,113.937530680247 ,3796.744362669820 ,1.000000000000 ,2.000000000000 ,87.000000000000 
159.000000000000 ,15.000000000000 ,22.537046029118 ,113.974523350288 ,575.981507640500 ,1.000000000000 ,2.000000000000 ,70.000000000000 
160.000000000000 ,4.000000000000 ,22.548871286446 ,114.126489826310 ,431.860835859813 ,1.000000000000 ,8.000000000000 ,4.000000000000 
161.000000000000 ,54.000000000000 ,22.562996165072 ,114.111827884103 ,4912.138990905370 ,1.000000000000 ,8.000000000000 ,42.000000000000 
162.000000000000 ,11.000000000000 ,22.542145485099 ,114.124262100510 ,7054.273245808390 ,1.000000000000 ,8.000000000000 ,109.000000000000 
163.000000000000 ,34.000000000000 ,22.541095467037 ,114.030841440132 ,744.175505164549 ,1.000000000000 ,7.000000000000 ,47.000000000000 
164.000000000000 ,27.000000000000 ,22.544948284263 ,114.076094970759 ,3422.772676399400 ,1.000000000000 ,7.000000000000 ,108.000000000000 
165.000000000000 ,4.000000000000 ,22.543207391232 ,114.025795915000 ,148.379722597058 ,1.000000000000 ,7.000000000000 ,47.000000000000 
166.000000000000 ,13.000000000000 ,22.544234732068 ,114.060086102085 ,458.656867054867 ,1.000000000000 ,7.000000000000 ,110.000000000000 
167.000000000000 ,51.000000000000 ,22.539015331061 ,114.064868020364 ,3716.673798230560 ,1.000000000000 ,7.000000000000 ,0.000000000000 
168.000000000000 ,23.000000000000 ,22.532480673382 ,114.072534935719 ,2936.350195979940 ,1.000000000000 ,7.000000000000 ,40.000000000000 
169.000000000000 ,22.000000000000 ,22.556038123746 ,114.044568028015 ,6324.815203349810 ,1.000000000000 ,7.000000000000 ,83.000000000000 
170.000000000000 ,25.000000000000 ,22.566320476016 ,114.101014343784 ,3524.760864447980 ,1.000000000000 ,7.000000000000 ,42.000000000000 
171.000000000000 ,6.000000000000 ,22.566720674943 ,114.073554268134 ,1038.095912748670 ,1.000000000000 ,7.000000000000 ,73.000000000000 
172.000000000000 ,7.000000000000 ,22.527859745727 ,114.072316502853 ,3938.080942701720 ,1.000000000000 ,7.000000000000 ,75.000000000000 
173.000000000000 ,12.000000000000 ,22.548644892794 ,114.066122356686 ,418.757103053371 ,1.000000000000 ,7.000000000000 ,52.000000000000 
174.000000000000 ,23.000000000000 ,22.546073072853 ,114.105205999886 ,186.381992839268 ,1.000000000000 ,7.000000000000 ,53.000000000000 
175.000000000000 ,11.000000000000 ,22.550372280780 ,114.027464898365 ,504.025374142144 ,1.000000000000 ,7.000000000000 ,22.000000000000 
176.000000000000 ,283.000000000000 ,22.634993565955 ,114.426710679654 ,3261.508355167390 ,2.000000000000 ,4.000000000000 ,24.000000000000 
177.000000000000 ,313.000000000000 ,22.601237004449 ,114.485831232361 ,2627.087029003590 ,2.000000000000 ,4.000000000000 ,6.000000000000 
178.000000000000 ,1069.000000000000 ,22.693524730427 ,114.353165041554 ,1552.384521516620 ,2.000000000000 ,3.000000000000 ,10.000000000000 
179.000000000000 ,1128.000000000000 ,22.779958890486 ,113.911794251648 ,1883.240816638060 ,2.000000000000 ,1.000000000000 ,17.000000000000 
180.000000000000 ,1092.000000000000 ,22.768678972709 ,113.951458855971 ,5303.185808550800 ,2.000000000000 ,1.000000000000 ,26.000000000000 
181.000000000000 ,580.000000000000 ,22.776121289456 ,114.316779114901 ,703.684999129298 ,2.000000000000 ,10.000000000000 ,23.000000000000 
182.000000000000 ,840.000000000000 ,22.642058653205 ,114.075106371173 ,2138.196474047170 ,2.000000000000 ,10.000000000000 ,5.000000000000 
183.000000000000 ,205.000000000000 ,22.656687226625 ,114.069574532183 ,419.782728574106 ,2.000000000000 ,10.000000000000 ,86.000000000000 
184.000000000000 ,782.000000000000 ,22.607353404467 ,114.124279082078 ,5552.097714623660 ,2.000000000000 ,10.000000000000 ,104.000000000000 
185.000000000000 ,843.000000000000 ,22.726032218086 ,114.249678947889 ,3170.233728176280 ,2.000000000000 ,10.000000000000 ,2.000000000000 
186.000000000000 ,880.000000000000 ,22.698269255810 ,114.136402460524 ,2296.493974375350 ,2.000000000000 ,10.000000000000 ,93.000000000000 
187.000000000000 ,981.000000000000 ,22.686258384665 ,113.938492642380 ,2461.042930679540 ,2.000000000000 ,5.000000000000 ,12.000000000000 
188.000000000000 ,1193.000000000000 ,22.770569233542 ,113.851000543246 ,3696.707989887460 ,2.000000000000 ,5.000000000000 ,3.000000000000 
189.000000000000 ,55.000000000000 ,22.677621142161 ,113.832087159113 ,2265.142587626280 ,2.000000000000 ,5.000000000000 ,37.000000000000 
190.000000000000 ,1159.000000000000 ,22.735410727100 ,113.807908368913 ,1667.560728070210 ,2.000000000000 ,5.000000000000 ,60.000000000000 
191.000000000000 ,266.000000000000 ,22.554218020881 ,113.888100985695 ,4892.945948590260 ,2.000000000000 ,5.000000000000 ,29.000000000000 
192.000000000000 ,608.000000000000 ,22.578954066029 ,113.869155206868 ,4650.616642418260 ,2.000000000000 ,5.000000000000 ,32.000000000000 
193.000000000000 ,430.000000000000 ,22.579090135862 ,113.905568662992 ,3760.402274776760 ,2.000000000000 ,5.000000000000 ,11.000000000000 
194.000000000000 ,1030.000000000000 ,22.736265765520 ,113.836528430960 ,2402.311090404440 ,2.000000000000 ,5.000000000000 ,21.000000000000 
195.000000000000 ,687.000000000000 ,22.621109194113 ,113.866949758147 ,2679.256786390930 ,2.000000000000 ,5.000000000000 ,39.000000000000 
196.000000000000 ,213.000000000000 ,22.572407972884 ,113.900637334947 ,2343.529032969620 ,2.000000000000 ,5.000000000000 ,84.000000000000 
197.000000000000 ,153.000000000000 ,22.559997168636 ,113.907884406562 ,2560.137298817970 ,2.000000000000 ,5.000000000000 ,105.000000000000 
198.000000000000 ,2241.000000000000 ,22.649868858818 ,114.035216912897 ,2796.505506851230 ,2.000000000000 ,9.000000000000 ,74.000000000000 
199.000000000000 ,793.000000000000 ,22.727103671741 ,114.061381858376 ,4693.113986524720 ,2.000000000000 ,9.000000000000 ,31.000000000000 
200.000000000000 ,141.000000000000 ,22.595859764580 ,114.261272209305 ,702.812663937453 ,2.000000000000 ,6.000000000000 ,48.000000000000 
201.000000000000 ,224.000000000000 ,22.555341566014 ,114.242253554294 ,1373.680875763960 ,2.000000000000 ,6.000000000000 ,67.000000000000 
202.000000000000 ,197.000000000000 ,22.565548759442 ,114.249282262464 ,392.657003548245 ,2.000000000000 ,6.000000000000 ,7.000000000000 
204.000000000000 ,399.000000000000 ,22.551832753122 ,113.951220628045 ,1190.510984142210 ,2.000000000000 ,2.000000000000 ,78.000000000000 
205.000000000000 ,110.000000000000 ,22.491990736520 ,113.938514438864 ,1313.572245256950 ,2.000000000000 ,2.000000000000 ,18.000000000000 
206.000000000000 ,70.000000000000 ,22.513852625560 ,113.931078518279 ,342.597280191222 ,2.000000000000 ,2.000000000000 ,79.000000000000 
207.000000000000 ,314.000000000000 ,22.538358134983 ,113.925691805036 ,1715.607590035820 ,2.000000000000 ,2.000000000000 ,81.000000000000 
208.000000000000 ,271.000000000000 ,22.528549119643 ,113.929468157433 ,1607.139958983180 ,2.000000000000 ,2.000000000000 ,111.000000000000 
209.000000000000 ,174.000000000000 ,22.496020982323 ,113.933167133186 ,1341.819816956880 ,2.000000000000 ,2.000000000000 ,18.000000000000 
210.000000000000 ,143.000000000000 ,22.502962865537 ,113.926911759613 ,443.783636408602 ,2.000000000000 ,2.000000000000 ,71.000000000000 
211.000000000000 ,535.000000000000 ,22.587079621198 ,113.960163705851 ,1724.121768485650 ,2.000000000000 ,2.000000000000 ,28.000000000000 
212.000000000000 ,288.000000000000 ,22.558887751083 ,113.950722665736 ,3259.475640627370 ,2.000000000000 ,2.000000000000 ,51.000000000000 
213.000000000000 ,277.000000000000 ,22.488467469652 ,113.920790461531 ,417.739176288146 ,2.000000000000 ,2.000000000000 ,66.000000000000 
215.000000000000 ,114.000000000000 ,22.524320909095 ,113.936637713367 ,965.921630758785 ,2.000000000000 ,2.000000000000 ,25.000000000000 
216.000000000000 ,262.000000000000 ,22.524232371077 ,113.940612113382 ,1854.665098315140 ,2.000000000000 ,2.000000000000 ,112.000000000000 
217.000000000000 ,271.000000000000 ,22.553378333792 ,114.116918288579 ,993.930963866672 ,2.000000000000 ,8.000000000000 ,72.000000000000 
218.000000000000 ,168.000000000000 ,22.568383000168 ,114.146215000149 ,1385.267680524130 ,2.000000000000 ,8.000000000000 ,41.000000000000 
219.000000000000 ,318.000000000000 ,22.547483382653 ,114.122917137739 ,387.467454988294 ,2.000000000000 ,8.000000000000 ,4.000000000000 
220.000000000000 ,198.000000000000 ,22.549370134874 ,114.113890252519 ,414.999775136190 ,2.000000000000 ,8.000000000000 ,101.000000000000 
221.000000000000 ,150.000000000000 ,22.549737706343 ,114.129229115538 ,416.170301994563 ,2.000000000000 ,8.000000000000 ,89.000000000000 
222.000000000000 ,269.000000000000 ,22.551599976093 ,114.135596356194 ,776.513476978833 ,2.000000000000 ,8.000000000000 ,91.000000000000 
223.000000000000 ,400.000000000000 ,22.553335050202 ,114.128420379172 ,1234.846686965930 ,2.000000000000 ,8.000000000000 ,89.000000000000 
224.000000000000 ,169.000000000000 ,22.546106015135 ,114.118511001315 ,186.518318741457 ,2.000000000000 ,8.000000000000 ,101.000000000000 
225.000000000000 ,139.000000000000 ,22.582474280478 ,114.127897135976 ,1309.007158272720 ,2.000000000000 ,8.000000000000 ,61.000000000000 
226.000000000000 ,118.000000000000 ,22.566221664462 ,114.178629449872 ,761.405146847018 ,2.000000000000 ,8.000000000000 ,27.000000000000 
227.000000000000 ,266.000000000000 ,22.539201442930 ,114.075560909269 ,668.740466965451 ,2.000000000000 ,7.000000000000 ,58.000000000000 
228.000000000000 ,188.000000000000 ,22.557906119228 ,114.023268659109 ,1346.839437958380 ,2.000000000000 ,7.000000000000 ,22.000000000000 
229.000000000000 ,378.000000000000 ,22.548231000498 ,114.088773926011 ,1372.850722081900 ,2.000000000000 ,7.000000000000 ,19.000000000000 
230.000000000000 ,243.000000000000 ,22.545483433630 ,114.110647844833 ,1128.702591008390 ,2.000000000000 ,7.000000000000 ,76.000000000000 
231.000000000000 ,132.000000000000 ,22.532730173767 ,114.046835401427 ,2604.642101021230 ,2.000000000000 ,7.000000000000 ,82.000000000000 
232.000000000000 ,124.000000000000 ,22.552933719965 ,114.072654079776 ,1109.715934223360 ,2.000000000000 ,7.000000000000 ,54.000000000000 
233.000000000000 ,225.000000000000 ,22.528764200211 ,114.066439209700 ,2058.562815101430 ,2.000000000000 ,7.000000000000 ,75.000000000000 
234.000000000000 ,216.000000000000 ,22.552341566292 ,114.048610596843 ,858.035165584024 ,2.000000000000 ,7.000000000000 ,20.000000000000 
235.000000000000 ,139.000000000000 ,22.541886545815 ,114.059745722449 ,362.986116253538 ,2.000000000000 ,7.000000000000 ,110.000000000000 
236.000000000000 ,152.000000000000 ,22.537538133427 ,114.060652877166 ,1027.800450228500 ,2.000000000000 ,7.000000000000 ,0.000000000000 
237.000000000000 ,89.000000000000 ,22.544959800906 ,114.100873003497 ,325.998110350844 ,2.000000000000 ,7.000000000000 ,53.000000000000 
238.000000000000 ,172.000000000000 ,22.572867393325 ,114.046602105198 ,1991.157670751100 ,2.000000000000 ,7.000000000000 ,44.000000000000 
239.000000000000 ,147.000000000000 ,22.551405245022 ,114.103841833139 ,703.281004832799 ,2.000000000000 ,7.000000000000 ,53.000000000000 
240.000000000000 ,230.000000000000 ,22.574340752472 ,114.057098127756 ,3191.511836920360 ,2.000000000000 ,7.000000000000 ,69.000000000000 
241.000000000000 ,235.000000000000 ,22.548644892794 ,114.066122356686 ,2105.289689185500 ,2.000000000000 ,7.000000000000 ,52.000000000000 
242.000000000000 ,140.000000000000 ,22.543556387928 ,114.061668449274 ,179.147394049051 ,2.000000000000 ,7.000000000000 ,110.000000000000 
243.000000000000 ,276.000000000000 ,22.603096814429 ,114.485710668982 ,2828.316532196030 ,6.000000000000 ,4.000000000000 ,6.000000000000 
244.000000000000 ,934.000000000000 ,22.749747018882 ,114.377129904788 ,5252.914011569020 ,6.000000000000 ,3.000000000000 ,34.000000000000 
245.000000000000 ,843.000000000000 ,22.696616074729 ,114.349337684269 ,1781.296969087600 ,6.000000000000 ,3.000000000000 ,10.000000000000 
247.000000000000 ,1098.000000000000 ,22.787117484152 ,113.900693318245 ,500.365979028319 ,6.000000000000 ,1.000000000000 ,17.000000000000 
248.000000000000 ,996.000000000000 ,22.767313757977 ,113.950515275863 ,4508.413078649390 ,6.000000000000 ,1.000000000000 ,26.000000000000 
249.000000000000 ,367.000000000000 ,22.729257003425 ,114.276215000441 ,4547.370676989590 ,6.000000000000 ,10.000000000000 ,57.000000000000 
250.000000000000 ,201.000000000000 ,22.733620230386 ,114.270672437480 ,5192.957447062280 ,6.000000000000 ,10.000000000000 ,57.000000000000 
251.000000000000 ,150.000000000000 ,22.599963555166 ,114.130315076170 ,5398.221531555650 ,6.000000000000 ,10.000000000000 ,16.000000000000 
252.000000000000 ,334.000000000000 ,22.616447705987 ,114.156503376694 ,1055.239488918870 ,6.000000000000 ,10.000000000000 ,90.000000000000 
253.000000000000 ,417.000000000000 ,22.641010492010 ,114.082700941494 ,5390.498545089600 ,6.000000000000 ,10.000000000000 ,5.000000000000 
254.000000000000 ,511.000000000000 ,22.728868647088 ,114.256597736450 ,4095.565160066330 ,6.000000000000 ,10.000000000000 ,2.000000000000 
255.000000000000 ,202.000000000000 ,22.777348809425 ,114.318284605766 ,2210.473017103120 ,6.000000000000 ,10.000000000000 ,23.000000000000 
256.000000000000 ,808.000000000000 ,22.664493481101 ,114.072069575736 ,1591.692713760140 ,6.000000000000 ,10.000000000000 ,62.000000000000 
257.000000000000 ,585.000000000000 ,22.652957116838 ,114.198355926255 ,1217.502906053460 ,6.000000000000 ,10.000000000000 ,15.000000000000 
258.000000000000 ,324.000000000000 ,22.730189073218 ,114.239440331181 ,2907.617968233780 ,6.000000000000 ,10.000000000000 ,38.000000000000 
259.000000000000 ,509.000000000000 ,22.703445455796 ,114.149511113929 ,3679.925035925890 ,6.000000000000 ,10.000000000000 ,56.000000000000 
260.000000000000 ,286.000000000000 ,22.615648045329 ,114.136569185129 ,5005.289470766570 ,6.000000000000 ,10.000000000000 ,49.000000000000 
261.000000000000 ,201.000000000000 ,22.562711060723 ,113.895756562638 ,4231.905875546600 ,6.000000000000 ,5.000000000000 ,64.000000000000 
262.000000000000 ,241.000000000000 ,22.564147609101 ,113.894717372282 ,5240.356977063170 ,6.000000000000 ,5.000000000000 ,64.000000000000 
263.000000000000 ,227.000000000000 ,22.565141608062 ,113.881853038214 ,5067.551957193220 ,6.000000000000 ,5.000000000000 ,88.000000000000 
264.000000000000 ,930.000000000000 ,22.774697881576 ,113.852654070368 ,3500.779836580080 ,6.000000000000 ,5.000000000000 ,3.000000000000 
265.000000000000 ,918.000000000000 ,22.677800080701 ,113.832590579402 ,2500.225246647240 ,6.000000000000 ,5.000000000000 ,37.000000000000 
266.000000000000 ,1105.000000000000 ,22.680680427738 ,113.936844323634 ,4948.776567177710 ,6.000000000000 ,5.000000000000 ,12.000000000000 
267.000000000000 ,986.000000000000 ,22.735330563294 ,113.826498286707 ,2933.949827901380 ,6.000000000000 ,5.000000000000 ,21.000000000000 
268.000000000000 ,383.000000000000 ,22.576843302011 ,113.900347741013 ,2861.457216671410 ,6.000000000000 ,5.000000000000 ,11.000000000000 
269.000000000000 ,205.000000000000 ,22.771440246117 ,113.858942146054 ,2837.080346371630 ,6.000000000000 ,5.000000000000 ,103.000000000000 
270.000000000000 ,583.000000000000 ,22.648783797354 ,113.831940206213 ,2235.661375650410 ,6.000000000000 ,5.000000000000 ,8.000000000000 
271.000000000000 ,662.000000000000 ,22.566025885136 ,113.914596280330 ,3411.844709051490 ,6.000000000000 ,5.000000000000 ,36.000000000000 
272.000000000000 ,1206.000000000000 ,22.665240945964 ,114.010446010908 ,5859.790091529660 ,6.000000000000 ,9.000000000000 ,94.000000000000 
273.000000000000 ,794.000000000000 ,22.727103671741 ,114.061381858376 ,3018.388721445500 ,6.000000000000 ,9.000000000000 ,31.000000000000 
274.000000000000 ,317.000000000000 ,22.554555300935 ,114.237561076055 ,1404.387381823240 ,6.000000000000 ,6.000000000000 ,67.000000000000 
275.000000000000 ,240.000000000000 ,22.560730673729 ,114.245026837451 ,3390.308804086920 ,6.000000000000 ,6.000000000000 ,7.000000000000 
276.000000000000 ,572.000000000000 ,22.542504808619 ,113.991096474297 ,1130.721430787760 ,6.000000000000 ,2.000000000000 ,30.000000000000 
277.000000000000 ,497.000000000000 ,22.488863957279 ,113.920814241475 ,928.189644654953 ,6.000000000000 ,2.000000000000 ,66.000000000000 
278.000000000000 ,504.000000000000 ,22.538203440734 ,113.933900845970 ,2319.919356786720 ,6.000000000000 ,2.000000000000 ,87.000000000000 
279.000000000000 ,562.000000000000 ,22.548147137359 ,113.956005898800 ,845.897637281128 ,6.000000000000 ,2.000000000000 ,9.000000000000 
280.000000000000 ,426.000000000000 ,22.534200518242 ,113.920183436973 ,2742.728520121150 ,6.000000000000 ,2.000000000000 ,81.000000000000 
281.000000000000 ,351.000000000000 ,22.519870122983 ,113.937887451263 ,1636.737437197210 ,6.000000000000 ,2.000000000000 ,25.000000000000 
282.000000000000 ,764.000000000000 ,22.586916526553 ,113.963430530380 ,1192.553572130800 ,6.000000000000 ,2.000000000000 ,28.000000000000 
283.000000000000 ,444.000000000000 ,22.523760082909 ,113.942147835820 ,2441.841437016230 ,6.000000000000 ,2.000000000000 ,112.000000000000 
284.000000000000 ,550.000000000000 ,22.548187108790 ,113.951629695713 ,763.798341985561 ,6.000000000000 ,2.000000000000 ,78.000000000000 
285.000000000000 ,307.000000000000 ,22.558032482822 ,114.116173650803 ,1090.005595485980 ,6.000000000000 ,8.000000000000 ,72.000000000000 
286.000000000000 ,129.000000000000 ,22.550568927292 ,114.129550855334 ,1337.279413891360 ,6.000000000000 ,8.000000000000 ,89.000000000000 
287.000000000000 ,290.000000000000 ,22.544900624075 ,114.119987507454 ,417.569018368838 ,6.000000000000 ,8.000000000000 ,101.000000000000 
288.000000000000 ,143.000000000000 ,22.547759613881 ,114.130355499918 ,286.400527902678 ,6.000000000000 ,8.000000000000 ,4.000000000000 
289.000000000000 ,160.000000000000 ,22.556087435429 ,114.138204816208 ,1965.414809441970 ,6.000000000000 ,8.000000000000 ,46.000000000000 
290.000000000000 ,376.000000000000 ,22.575486944728 ,114.141220651482 ,1075.106858092580 ,6.000000000000 ,8.000000000000 ,41.000000000000 
291.000000000000 ,289.000000000000 ,22.565742181742 ,114.126781716312 ,1067.723368673670 ,6.000000000000 ,8.000000000000 ,33.000000000000 
292.000000000000 ,229.000000000000 ,22.581934478848 ,114.156395293242 ,4382.849241125480 ,6.000000000000 ,8.000000000000 ,91.000000000000 
293.000000000000 ,400.000000000000 ,22.545922951249 ,114.113193822309 ,448.526035112934 ,6.000000000000 ,8.000000000000 ,76.000000000000 
294.000000000000 ,269.000000000000 ,22.545922951249 ,114.113193822309 ,3914.263127730670 ,6.000000000000 ,8.000000000000 ,27.000000000000 
295.000000000000 ,175.000000000000 ,22.554622805509 ,114.076737889809 ,2019.508525577670 ,6.000000000000 ,7.000000000000 ,108.000000000000 
296.000000000000 ,282.000000000000 ,22.560559011547 ,114.043358324002 ,1594.346299537760 ,6.000000000000 ,7.000000000000 ,83.000000000000 
297.000000000000 ,179.000000000000 ,22.527226779933 ,114.064259338432 ,2370.331544366230 ,6.000000000000 ,7.000000000000 ,82.000000000000 
298.000000000000 ,317.000000000000 ,22.550818716286 ,114.100779779148 ,387.534525291255 ,6.000000000000 ,7.000000000000 ,53.000000000000 
299.000000000000 ,128.000000000000 ,22.549934203819 ,114.045489883502 ,1704.663132248040 ,6.000000000000 ,7.000000000000 ,20.000000000000 
300.000000000000 ,162.000000000000 ,22.553991482070 ,114.021365260226 ,1440.821409734650 ,6.000000000000 ,7.000000000000 ,83.000000000000 
301.000000000000 ,294.000000000000 ,22.539998380259 ,114.063506631177 ,205.428018339750 ,6.000000000000 ,7.000000000000 ,0.000000000000 
302.000000000000 ,355.000000000000 ,22.564934048740 ,114.060633681276 ,1797.034735167740 ,6.000000000000 ,7.000000000000 ,69.000000000000 
303.000000000000 ,318.000000000000 ,22.542750004728 ,114.088070560882 ,1386.186878716050 ,6.000000000000 ,7.000000000000 ,19.000000000000 
304.000000000000 ,401.000000000000 ,22.514222883302 ,114.062761783198 ,656.403531197225 ,6.000000000000 ,7.000000000000 ,100.000000000000 
305.000000000000 ,151.000000000000 ,22.546394344546 ,114.109387693779 ,634.292957183245 ,6.000000000000 ,7.000000000000 ,76.000000000000 
306.000000000000 ,231.000000000000 ,22.573592352382 ,114.069489821974 ,3150.635413650640 ,6.000000000000 ,7.000000000000 ,20.000000000000 
307.000000000000 ,482.000000000000 ,22.541702160597 ,114.068621577360 ,1204.848713443100 ,6.000000000000 ,7.000000000000 ,0.000000000000 
308.000000000000 ,227.000000000000 ,22.554187962069 ,114.110532934491 ,393.856866103951 ,6.000000000000 ,7.000000000000 ,72.000000000000 
309.000000000000 ,613.000000000000 ,22.541635704853 ,114.037635303143 ,643.883694173769 ,6.000000000000 ,7.000000000000 ,80.000000000000 
310.000000000000 ,250.000000000000 ,22.542370117403 ,114.062988016051 ,409.281236192400 ,6.000000000000 ,7.000000000000 ,0.000000000000 
311.000000000000 ,216.000000000000 ,22.530931357504 ,114.049493452396 ,759.903968794383 ,6.000000000000 ,7.000000000000 ,82.000000000000 
312.000000000000 ,307.000000000000 ,22.549581861938 ,114.062180230991 ,829.193795130706 ,6.000000000000 ,7.000000000000 ,52.000000000000 
313.000000000000 ,280.000000000000 ,22.637785553219 ,114.428185727245 ,18532.055040882000 ,5.000000000000 ,4.000000000000 ,24.000000000000 
314.000000000000 ,212.000000000000 ,22.695650905538 ,114.351949592877 ,8481.561618721440 ,5.000000000000 ,3.000000000000 ,10.000000000000 
315.000000000000 ,78.000000000000 ,22.784829198770 ,113.902877804109 ,1649.084490319330 ,5.000000000000 ,1.000000000000 ,17.000000000000 
316.000000000000 ,219.000000000000 ,22.502377130392 ,113.936394542065 ,10402.219626234800 ,5.000000000000 ,1.000000000000 ,26.000000000000 
317.000000000000 ,209.000000000000 ,22.651468869176 ,114.072195840661 ,1058.833187806650 ,5.000000000000 ,10.000000000000 ,86.000000000000 
318.000000000000 ,139.000000000000 ,22.644403802276 ,114.228482980235 ,8550.952558270990 ,5.000000000000 ,10.000000000000 ,77.000000000000 
319.000000000000 ,149.000000000000 ,22.644661217511 ,114.067332181970 ,1706.655748377370 ,5.000000000000 ,10.000000000000 ,5.000000000000 
320.000000000000 ,56.000000000000 ,22.643413558921 ,114.192978387406 ,3844.689522702570 ,5.000000000000 ,10.000000000000 ,97.000000000000 
321.000000000000 ,87.000000000000 ,22.606851912628 ,114.123619663851 ,6481.604663276090 ,5.000000000000 ,10.000000000000 ,104.000000000000 
322.000000000000 ,115.000000000000 ,22.722864608195 ,114.244500689134 ,3565.273574767470 ,5.000000000000 ,10.000000000000 ,113.000000000000 
323.000000000000 ,148.000000000000 ,22.685617123943 ,113.943059699455 ,1792.073065610500 ,5.000000000000 ,5.000000000000 ,12.000000000000 
324.000000000000 ,184.000000000000 ,22.564334831673 ,113.916208262618 ,3669.432944363850 ,5.000000000000 ,5.000000000000 ,36.000000000000 
325.000000000000 ,276.000000000000 ,22.725711871347 ,113.834777863488 ,3895.112220351820 ,5.000000000000 ,5.000000000000 ,37.000000000000 
326.000000000000 ,105.000000000000 ,22.734893288046 ,113.836106367506 ,2788.681289072510 ,5.000000000000 ,5.000000000000 ,21.000000000000 
327.000000000000 ,31.000000000000 ,22.551478764039 ,113.897940552637 ,3605.426339829650 ,5.000000000000 ,5.000000000000 ,29.000000000000 
328.000000000000 ,672.000000000000 ,22.668301812412 ,114.023966483490 ,8162.555437754770 ,5.000000000000 ,9.000000000000 ,14.000000000000 
329.000000000000 ,730.000000000000 ,22.699230770890 ,114.054096815387 ,5961.729464145370 ,5.000000000000 ,9.000000000000 ,31.000000000000 
330.000000000000 ,20.000000000000 ,22.554362299416 ,114.237258077606 ,4455.130752051380 ,5.000000000000 ,6.000000000000 ,67.000000000000 
331.000000000000 ,160.000000000000 ,22.586898548900 ,113.959898456895 ,2066.415351231820 ,5.000000000000 ,2.000000000000 ,28.000000000000 
332.000000000000 ,88.000000000000 ,22.544083176299 ,113.951942234166 ,938.955893785906 ,5.000000000000 ,2.000000000000 ,9.000000000000 
333.000000000000 ,63.000000000000 ,22.495494847918 ,113.926303109122 ,2438.490324127250 ,5.000000000000 ,2.000000000000 ,18.000000000000 
334.000000000000 ,58.000000000000 ,22.536708438812 ,113.925670587060 ,2351.147550950320 ,5.000000000000 ,2.000000000000 ,81.000000000000 
335.000000000000 ,106.000000000000 ,22.556273375401 ,114.141973735126 ,2800.793361421570 ,5.000000000000 ,8.000000000000 ,46.000000000000 
336.000000000000 ,63.000000000000 ,22.577365855454 ,114.132109890579 ,218.549458318543 ,5.000000000000 ,8.000000000000 ,61.000000000000 
337.000000000000 ,36.000000000000 ,22.567722649614 ,114.176169979218 ,465.293407546149 ,5.000000000000 ,8.000000000000 ,27.000000000000 
338.000000000000 ,16.000000000000 ,22.555367311073 ,114.138204188292 ,2870.401431826510 ,5.000000000000 ,8.000000000000 ,46.000000000000 
339.000000000000 ,26.000000000000 ,22.550580169763 ,114.134528972520 ,1187.751341355790 ,5.000000000000 ,8.000000000000 ,91.000000000000 
340.000000000000 ,61.000000000000 ,22.546221859137 ,114.111450121484 ,488.486681764898 ,5.000000000000 ,8.000000000000 ,89.000000000000 
341.000000000000 ,40.000000000000 ,22.547837072018 ,114.124306616938 ,1530.686631977380 ,5.000000000000 ,8.000000000000 ,4.000000000000 
342.000000000000 ,30.000000000000 ,22.546876116903 ,114.094778544987 ,2536.462600437180 ,5.000000000000 ,7.000000000000 ,118.000000000000 
343.000000000000 ,50.000000000000 ,22.537315771425 ,114.061515715778 ,3293.429517994540 ,5.000000000000 ,7.000000000000 ,0.000000000000 
344.000000000000 ,75.000000000000 ,22.540800025548 ,114.030161198285 ,725.353195806878 ,5.000000000000 ,7.000000000000 ,47.000000000000 
345.000000000000 ,92.000000000000 ,22.554703524665 ,114.101650860611 ,1438.381363112920 ,5.000000000000 ,7.000000000000 ,53.000000000000 
346.000000000000 ,68.000000000000 ,22.535638518886 ,114.075465440055 ,431.082606525555 ,5.000000000000 ,7.000000000000 ,58.000000000000 
347.000000000000 ,39.000000000000 ,22.546354011430 ,114.052403273247 ,46.969722905758 ,5.000000000000 ,7.000000000000 ,20.000000000000 
348.000000000000 ,5.000000000000 ,22.541279199159 ,114.056970506391 ,0.000000000000 ,1.000000000000 ,7.000000000000 ,110.000000000000 
349.000000000000 ,318.000000000000 ,22.542952009646 ,114.028052826745 ,405.604807583378 ,2.000000000000 ,7.000000000000 ,47.000000000000 
350.000000000000 ,102.000000000000 ,22.540934627770 ,114.124979530409 ,530.975017893728 ,2.000000000000 ,8.000000000000 ,109.000000000000 
351.000000000000 ,158.000000000000 ,22.538565571853 ,114.037634627617 ,634.778015973442 ,2.000000000000 ,7.000000000000 ,80.000000000000 
352.000000000000 ,119.000000000000 ,22.553427160217 ,114.151265357267 ,782.138149692988 ,2.000000000000 ,8.000000000000 ,106.000000000000 
353.000000000000 ,817.000000000000 ,22.650315724123 ,113.833274908539 ,3048.669404407620 ,2.000000000000 ,5.000000000000 ,8.000000000000 
354.000000000000 ,150.000000000000 ,22.525087074363 ,114.073375532286 ,2093.390961846630 ,2.000000000000 ,7.000000000000 ,75.000000000000 
355.000000000000 ,21.000000000000 ,22.544147404782 ,114.094024863970 ,2056.852729184940 ,5.000000000000 ,7.000000000000 ,118.000000000000 
356.000000000000 ,107.000000000000 ,22.715579805911 ,114.213450556175 ,8123.741197239220 ,6.000000000000 ,10.000000000000 ,68.000000000000 
357.000000000000 ,188.000000000000 ,22.519621167321 ,114.058221567491 ,1384.336892734070 ,6.000000000000 ,7.000000000000 ,100.000000000000 
358.000000000000 ,72.000000000000 ,22.566509429627 ,114.147850848618 ,640.496585656306 ,6.000000000000 ,8.000000000000 ,41.000000000000 
359.000000000000 ,175.000000000000 ,22.514524940008 ,113.947591640870 ,8779.449643449920 ,7.000000000000 ,2.000000000000 ,65.000000000000 
360.000000000000 ,558.000000000000 ,22.642011405758 ,114.198679867798 ,2912.768690891540 ,2.000000000000 ,10.000000000000 ,97.000000000000 
361.000000000000 ,131.000000000000 ,22.540561532691 ,114.015350518245 ,300.140975705570 ,2.000000000000 ,7.000000000000 ,92.000000000000 
362.000000000000 ,397.000000000000 ,22.544724257947 ,113.954194260027 ,691.983470937230 ,2.000000000000 ,2.000000000000 ,9.000000000000 
